{"cameraMode":{"drawMode":0,"name":"Shaded","section":"Shading Mode"},"sceneLighting":true,"audioPlay":false,"sceneViewState":{"showFog":true,"showMaterialUpdate":false,"showSkybox":true,"showFlares":true,"showImageEffects":true,"showParticleSystems":true},"in2DMode":false,"pivot":{"x":-1.5018287897109986,"y":7.256667137145996,"z":13.282994270324707},"rotation":{"x":-0.0031136288307607176,"y":0.6713387370109558,"z":0.0028039843309670688,"w":0.7411787509918213},"size":22.0,"orthographic":false}