{"cameraMode":{"drawMode":0,"name":"Shaded","section":"Shading Mode"},"sceneLighting":true,"audioPlay":false,"sceneViewState":{"showFog":true,"showMaterialUpdate":false,"showSkybox":true,"showFlares":true,"showImageEffects":true,"showParticleSystems":true},"in2DMode":false,"pivot":{"x":-1.659994125366211,"y":1.6063987016677857,"z":0.6154573559761047},"rotation":{"x":0.2632826864719391,"y":0.6596097350120544,"z":-0.2665470540523529,"w":0.651623547077179},"size":2.8578836917877199,"orthographic":false}